{
    "autoAdd": {
        "status": true,
        "message": "Hayoooo ketauan nge Add @!",
        "reply": true
    },
    "autoJoin": {
        "status": false,
        "message": "Thnks udh Invite @!",
        "reply": false,
        "ticket": false
    },
    "members": 500,
    "groupjoin": 150,
    "namegrup": "lpm",
    "autoRead": false,
    "autoRespond": {
        "status": false,
        "message": "hello @!"
    },
    "autoRespondMention": {
        "status": false,
        "message": "already deactive"
    },
    "Addimage": false,
    "runtime": 1584023403.734488,
    "receivercount": 3827731,
    "sendcount": 1991738,
    "silent": [],
    "protectkick": [],
    "protectinvite": [],
    "protectjoin": [],
    "protectcancel": [],
    "protectqr": [],
    "whitelist": [],
    "blacklist": [],
    "selfbackup": [],
    "livetime": [],
    "liveview": [],
    "Img": {},
    "changeGroupPicture": [],
    "wordban": [],
    "changePictureProfile": false,
    "changeCoverProfile": false,
    "checkContact": false,
    "checkPost": false,
    "checkSticker": false,
    "defaultReplyReader": "Hello @!, come here join to chat",
    "greet": {
        "join": {
            "status": false,
            "message": "Welcome asw @!"
        },
        "leave": {
            "status": false,
            "message": "Yah kok leave asw @!"
        }
    },
    "myProfile": {
        "coverId": "c0000000000000000000000000000001",
        "displayName": "AKUN PP DEPRESI",
        "pictureStatus": null,
        "statusMessage": ""
    },
    "mimic": {
        "status": false,
        "target": {}
    },
    "restartPoint": null,
    "setKey": {
        "status": false,
        "key": ""
    },
    "copyright": "If you respect the author please don't remove this copyright\n\u00a9 2018 Hello World",
    "author_lineid": "You can add the author by line id, https://line.me/ti/p/~zero-cool404",
    "setanCredit": "YOU CAN USE AND RUN THIS SELFBOT,\nBUT DONT REMOVE WEBAREBEAR MID OR CREDIT LINK\nTQ :)",
    "dontRemove": "u337c18ad01bdc582a952bbabe1832644",
    "dontRemove1": "https://lin.ee/hzZujuI",
    "lable": "https://lin.ee/hzZujuI",
    "changevp": false,
    "changeProfileVideo": false,
    "updateProfile": false,
    "autolike": false,
    "getpost": false,
    "invitekontak": false,
    "autokomen": false,
    "checkalbum": false,
    "detectlive": false,
    "detectTemplate": false,
    "unsendMessage": false,
    "detectspam": false,
    "mentionkick": false,
    "getposttl": false,
    "responcall": false,
    "detectflex": false,
    "detectflextext": false,
    "detectimage": false,
    "detectlocation": false,
    "detectvideo": false,
    "detectkick": false,
    "autoLike": false
}